enrollment_id,student_id,course_id,midterm,final,overall,letter
ENR8000,STU2179,CRS520,23,34,30,F
ENR8001,STU2105,CRS521,61,86,76,B-
ENR8002,STU2321,CRS522,21,72,52,D
ENR8003,STU2147,CRS504,66,60,62,C
ENR8004,STU2189,CRS506,39,36,37,F
ENR8005,STU2128,CRS511,49,76,65,C
ENR8006,STU2347,CRS501,49,63,57,D
ENR8007,STU2204,CRS506,20,90,62,C
ENR8008,STU2029,CRS520,77,94,87,B+
ENR8009,STU2009,CRS525,86,83,-5,B
ENR8010,STU2108,CRS504,42,39,40,F
ENR8011,STU2149,CRS526,64,20,38,F
ENR8012,STU2284,CRS521,41,50,46,F
ENR8013,STU2324,CRS511,68,36,49,F
ENR8014,STU2391,CRS524,67,60,63,C
ENR8015,STU2138,CRS503,82,95,90,B+
ENR8016,STU2153,CRS520,67,47,55,D
ENR8017,STU2146,CRS520,63,68,66,C
ENR8018,STU2035,CRS529,70,74,72,C+
ENR8019,STU2183,CRS518,81,27,49,F
ENR8020,STU2264,CRS502,98,51,70,C+
ENR8021,STU2134,CRS527,60,70,66,C
ENR8022,STU2017,CRS516,99,88,92,A-
ENR8023,STU2136,CRS529,46,57,53,D
ENR8024,STU2389,CRS503,76,96,88,B+
ENR8025,STU2197,CRS508,61,38,47,F
ENR8026,STU2044,CRS501,31,25,27,F
ENR8027,STU2078,CRS528,79,64,70,C+
ENR8028,STU2086,CRS509,83,89,87,B+
ENR8029,STU2208,CRS519,23,35,30,F
ENR8030,STU2223,CRS524,58,73,67,C
ENR8031,STU2252,CRS508,38,51,46,F
ENR8032,STU2159,CRS507,81,48,61,C
ENR8033,STU2228,CRS517,64,71,68,C+
ENR8034,STU2194,CRS510,80,100,92,A-
ENR8035,STU2376,CRS518,50,88,73,C+
ENR8036,STU2143,CRS521,68,48,56,D
ENR8037,STU2129,CRS517,50,22,33,F
ENR8038,STU2040,CRS518,61,70,66,C
ENR8039,STU2178,CRS516,67,87,79,B-
ENR8040,STU2013,CRS519,39,63,53,D
ENR8041,STU2231,CRS526,39,44,42,F
ENR8042,STU2026,CRS521,35,41,39,F
ENR8043,STU2336,CRS516,76,61,67,C
ENR8044,STU2328,CRS529,38,94,72,C+
ENR8045,STU2009,CRS514,32,27,29,F
ENR8046,STU2348,CRS527,39,63,53,D
ENR8047,STU2387,CRS515,95,72,81,B
ENR8048,STU2084,CRS516,68,86,79,B-
ENR8049,STU2356,CRS507,45,46,46,F
ENR8050,STU2001,CRS522,54,30,40,F
ENR8051,STU2206,CRS506,60,46,52,D
ENR8052,STU2088,CRS522,29,26,27,F
ENR8053,STU2120,CRS520,95,94,94,A-
ENR8054,STU2029,CRS503,43,76,63,C
ENR8055,STU2008,CRS528,92,58,72,C+
ENR8056,STU2128,CRS506,88,70,77,B-
ENR8057,STU2311,CRS510,50,99,79,B-
ENR8058,STU2311,CRS529,73,40,53,D
ENR8059,STU2203,CRS502,77,76,76,B-
ENR8060,STU2316,CRS524,79,70,74,C+
ENR8061,STU2300,CRS501,30,36,34,F
ENR8062,STU2396,CRS500,92,50,67,C
ENR8063,STU2397,CRS523,59,33,43,F
ENR8064,STU2137,CRS529,74,21,42,F
ENR8065,STU2144,CRS505,66,45,53,D
ENR8066,STU2173,CRS513,80,41,57,D
ENR8067,STU2048,CRS528,99,47,68,C+
ENR8068,STU2242,CRS529,93,25,52,D
ENR8069,STU2089,CRS503,53,38,44,F
ENR8070,STU2099,CRS515,81,75,77,B-
ENR8071,STU2202,CRS509,98,40,63,C
ENR8072,STU2207,CRS524,64,61,62,C
ENR8073,STU2092,CRS504,24,39,33,F
ENR8074,STU2236,CRS528,70,98,87,B+
ENR8075,STU2273,CRS510,77,63,999,C+
ENR8076,STU2266,CRS500,22,50,39,F
ENR8077,STU2200,CRS516,42,28,34,F
ENR8078,STU2249,CRS513,29,69,53,D
ENR8079,STU2095,CRS506,66,100,86,B+
ENR8080,STU2225,CRS513,51,51,51,D
ENR8081,STU2386,CRS528,67,93,83,B
ENR8082,STU2103,CRS500,46,59,54,D
ENR8083,STU2143,CRS505,55,71,65,C
ENR8084,STU2136,CRS506,73,88,82,B
ENR8085,STU2067,CRS510,39,96,73,C+
ENR8086,STU2172,CRS509,22,46,36,F
ENR8087,STU2001,CRS520,88,21,48,F
ENR8088,STU2118,CRS502,22,20,21,F
ENR8089,STU2344,CRS518,59,27,40,F
ENR8090,STU2119,CRS527,79,29,49,F
ENR8091,STU2277,CRS501,89,88,88,B+
ENR8092,STU2376,CRS526,98,85,90,B+
ENR8093,STU2148,CRS511,89,60,72,C+
ENR8094,STU2329,CRS511,42,67,57,D
ENR8095,STU2342,CRS500,79,100,92,A-
ENR8096,STU2218,CRS513,49,67,60,D
ENR8097,STU2182,CRS510,58,52,54,D
ENR8098,STU2003,CRS507,59,88,76,B-
ENR8099,STU2057,CRS528,67,70,69,C+
ENR8100,STU2197,CRS508,64,83,75,B-
ENR8101,STU2373,CRS517,56,42,48,F
ENR8102,STU2025,CRS529,41,71,59,D
ENR8103,STU2112,CRS512,71,94,85,B
ENR8104,STU2196,CRS528,21,62,46,F
ENR8105,STU2228,CRS503,33,93,69,C+
ENR8106,STU2359,CRS515,37,29,32,F
ENR8107,STU2384,CRS502,69,92,83,B
ENR8108,STU2097,CRS503,34,96,71,C+
ENR8109,STU2303,CRS503,56,20,34,F
ENR8110,STU2199,CRS507,21,35,29,F
ENR8111,STU2020,CRS510,93,38,60,D
ENR8112,STU2185,CRS502,88,95,92,A-
ENR8113,STU2174,CRS518,51,24,35,F
ENR8114,STU2278,CRS527,85,74,78,B-
ENR8115,STU2207,CRS505,76,81,79,B-
ENR8116,STU2090,CRS526,80,24,46,F
ENR8117,STU2262,CRS502,24,26,25,F
ENR8118,STU2383,CRS520,37,97,73,C+
ENR8119,STU2304,CRS503,67,52,58,D
ENR8120,STU2215,CRS526,59,25,39,F
ENR8121,STU2252,CRS503,87,25,50,F
ENR8122,STU2354,CRS501,75,70,72,C+
ENR8123,STU2030,CRS515,23,31,28,F
ENR8124,STU2124,CRS524,36,94,71,C+
ENR8125,STU2348,CRS504,71,23,42,F
ENR8126,STU2195,CRS514,82,96,90,B+
ENR8127,STU2290,CRS504,61,20,36,F
ENR8128,STU2033,CRS522,52,71,63,C
ENR8129,STU2230,CRS511,37,72,58,D
ENR8130,STU2014,CRS518,46,33,38,F
ENR8131,STU2333,CRS514,98,40,63,C
ENR8132,STU2340,CRS527,80,50,62,C
ENR8133,STU2326,CRS505,44,60,54,D
ENR8134,STU2336,CRS500,80,76,78,B-
ENR8135,STU2169,CRS504,29,26,27,F
ENR8136,STU2145,CRS520,99,80,88,B+
ENR8137,STU2205,CRS524,23,34,30,F
ENR8138,STU2037,CRS527,50,28,37,F
ENR8139,STU2319,CRS520,51,79,68,C+
ENR8140,STU2028,CRS523,43,75,62,C
ENR8141,STU2373,CRS518,78,34,52,D
ENR8142,STU2370,CRS527,37,26,30,F
ENR8143,STU2009,CRS510,94,43,63,C
ENR8144,STU2272,CRS521,91,76,82,B
ENR8145,STU2114,CRS513,84,83,83,B
ENR8146,STU2083,CRS513,21,44,35,F
ENR8147,STU2080,CRS501,40,91,71,C+
ENR8148,STU2070,CRS524,61,53,56,D
ENR8149,STU2370,CRS521,44,73,61,C
ENR8150,STU2055,CRS504,72,53,61,C
ENR8151,STU2316,CRS508,28,47,39,F
ENR8152,STU2358,CRS516,61,20,36,F
ENR8153,STU2299,CRS518,47,56,52,D
ENR8154,STU2221,CRS514,56,49,52,D
ENR8155,STU2103,CRS528,80,44,58,D
ENR8156,STU2232,CRS501,78,79,79,B-
ENR8157,STU2177,CRS508,51,21,33,F
ENR8158,STU2073,CRS510,60,47,52,D
ENR8159,STU2287,CRS521,94,67,78,B-
ENR8160,STU2376,CRS526,43,47,45,F
ENR8161,STU2345,CRS505,84,43,59,D
ENR8162,STU2052,CRS514,99,91,94,A-
ENR8163,STU2256,CRS520,29,37,34,F
ENR8164,STU2358,CRS519,69,39,51,D
ENR8165,STU2117,CRS503,82,87,85,B
ENR8166,STU2217,CRS514,84,27,50,F
ENR8167,STU2029,CRS517,77,75,76,B-
ENR8168,STU2264,CRS506,95,80,86,B+
ENR8169,STU2107,CRS515,65,58,61,C
ENR8170,STU2288,CRS521,47,37,41,F
ENR8171,STU2281,CRS502,100,78,87,B+
ENR8172,STU2297,CRS511,99,37,62,C
ENR8173,STU2201,CRS506,78,61,68,C+
ENR8174,STU2297,CRS508,23,72,52,D
ENR8175,STU2095,CRS509,60,52,55,D
ENR8176,STU2038,CRS529,79,40,56,D
ENR8177,STU2316,CRS500,81,90,86,B+
ENR8178,STU2247,CRS511,30,79,59,D
ENR8179,STU2302,CRS526,39,33,35,F
ENR8180,STU2303,CRS527,26,52,42,F
ENR8181,STU2239,CRS525,81,23,46,F
ENR8182,STU2179,CRS523,26,62,48,F
ENR8183,STU2160,CRS529,83,21,46,F
ENR8184,STU2154,CRS517,77,59,66,C
ENR8185,STU2156,CRS500,23,69,51,D
ENR8186,STU2209,CRS524,91,82,86,B+
ENR8187,STU2383,CRS517,33,68,54,D
ENR8188,STU2354,CRS522,42,83,67,C
ENR8189,STU2110,CRS506,55,69,63,C
ENR8190,STU2283,CRS516,43,29,35,F
ENR8191,STU2265,CRS512,40,42,41,F
ENR8192,STU2361,CRS529,82,56,66,C
ENR8193,STU2143,CRS509,66,91,81,B
ENR8194,STU2099,CRS513,88,29,53,D
ENR8195,STU2256,CRS500,34,44,40,F
ENR8196,STU2117,CRS522,50,52,51,D
ENR8197,STU2337,CRS505,23,36,31,F
ENR8198,STU2387,CRS503,23,43,35,F
ENR8199,STU2212,CRS518,63,68,66,C
ENR8200,STU2131,CRS514,80,49,61,C
ENR8201,STU2114,CRS520,82,84,83,B
ENR8202,STU2318,CRS520,45,100,78,B-
ENR8203,STU2290,CRS526,69,47,56,D
ENR8204,STU2115,CRS518,52,32,40,F
ENR8205,STU2300,CRS529,23,76,55,D
ENR8206,STU2056,CRS521,76,79,78,B-
ENR8207,STU2376,CRS511,81,29,50,F
ENR8208,STU2151,CRS513,53,84,72,C+
ENR8209,STU2275,CRS502,53,26,37,F
ENR8210,STU2165,CRS528,21,79,56,D
ENR8211,STU2151,CRS503,62,82,74,C+
ENR8212,STU2211,CRS502,91,45,63,C
ENR8213,STU2279,CRS527,68,90,81,B
ENR8214,STU2325,CRS511,40,57,50,F
ENR8215,STU2101,CRS521,31,73,56,D
ENR8216,STU2382,CRS529,55,64,60,D
ENR8217,STU2373,CRS508,20,77,54,D
ENR8218,STU2252,CRS518,61,60,60,D
ENR8219,STU2280,CRS515,35,64,52,D
ENR8220,STU2080,CRS529,68,53,59,D
ENR8221,STU2272,CRS500,25,95,67,C
ENR8222,STU2057,CRS513,32,95,70,C+
ENR8223,STU2001,CRS512,64,77,72,C+
ENR8224,STU2338,CRS522,28,98,70,C+
ENR8225,STU2008,CRS511,47,29,36,F
ENR8226,STU2190,CRS504,83,36,55,D
ENR8227,STU2122,CRS519,53,93,77,B-
ENR8228,STU2103,CRS502,51,80,68,C+
ENR8229,STU2082,CRS522,84,30,52,D
ENR8230,STU2108,CRS501,71,36,50,F
ENR8231,STU2119,CRS510,93,94,94,A-
ENR8232,STU2389,CRS519,85,34,54,D
ENR8233,STU2227,CRS501,23,23,23,F
ENR8234,STU2266,CRS515,44,72,61,C
ENR8235,STU2105,CRS525,99,66,79,B-
ENR8236,STU2216,CRS507,82,65,72,C+
ENR8237,STU2127,CRS502,59,48,52,D
ENR8238,STU2285,CRS520,88,50,65,C
ENR8239,STU2337,CRS526,75,92,85,B
ENR8240,STU2370,CRS503,42,67,57,D
ENR8241,STU2148,CRS520,22,75,54,D
ENR8242,STU2150,CRS503,84,84,84,B
ENR8243,STU2060,CRS507,70,22,41,F
ENR8244,STU2157,CRS505,44,23,31,F
ENR8245,STU2173,CRS513,99,38,62,C
ENR8246,STU2273,CRS514,60,60,60,D
ENR8247,STU2317,CRS528,24,41,34,F
ENR8248,STU2243,CRS516,83,91,88,B+
ENR8249,STU2172,CRS504,25,44,999,F
ENR8250,STU2316,CRS500,95,23,52,D
ENR8251,STU2058,CRS511,65,72,69,C+
ENR8252,STU2109,CRS518,42,70,59,D
ENR8253,STU2369,CRS511,57,97,81,B
ENR8254,STU2214,CRS510,24,24,24,F
ENR8255,STU2306,CRS521,80,69,73,C+
ENR8256,STU2064,CRS508,21,69,50,F
ENR8257,STU2398,CRS518,22,78,56,D
ENR8258,STU2367,CRS527,26,40,34,F
ENR8259,STU2251,CRS527,95,98,97,A
ENR8260,STU2297,CRS527,69,42,53,D
ENR8261,STU2147,CRS528,79,100,92,A-
ENR8262,STU2227,CRS503,84,22,47,F
ENR8263,STU2298,CRS512,84,69,75,B-
ENR8264,STU2207,CRS509,81,73,76,B-
ENR8265,STU2196,CRS500,73,35,50,F
ENR8266,STU2242,CRS509,72,25,44,F
ENR8267,STU2190,CRS517,28,60,47,F
ENR8268,STU2170,CRS528,20,73,52,D
ENR8269,STU2241,CRS512,34,29,31,F
ENR8270,STU2257,CRS506,55,48,51,D
ENR8271,STU2150,CRS507,29,78,58,D
ENR8272,STU2395,CRS516,69,100,88,B+
ENR8273,STU2381,CRS524,50,65,59,D
ENR8274,STU2299,CRS521,88,97,93,A-
ENR8275,STU2236,CRS500,35,31,33,F
ENR8276,STU2152,CRS515,98,48,68,C+
ENR8277,STU2290,CRS519,61,97,83,B
ENR8278,STU2064,CRS503,45,91,73,C+
ENR8279,STU2249,CRS522,49,68,60,D
ENR8280,STU2189,CRS516,21,59,44,F
ENR8281,STU2158,CRS512,86,100,94,A-
ENR8282,STU2394,CRS509,75,62,67,C
ENR8283,STU2031,CRS508,43,26,33,F
ENR8284,STU2321,CRS513,86,31,53,D
ENR8285,STU2059,CRS516,59,99,83,B
ENR8286,STU2178,CRS525,82,32,52,D
ENR8287,STU2235,CRS502,88,80,83,B
ENR8288,STU2186,CRS500,78,66,71,C+
ENR8289,STU2204,CRS500,80,38,55,D
ENR8290,STU2114,CRS519,71,22,42,F
ENR8291,STU2253,CRS501,95,91,93,A-
ENR8292,STU2067,CRS529,55,59,57,D
ENR8293,STU2222,CRS515,50,31,39,F
ENR8294,STU2319,CRS508,26,50,40,F
ENR8295,STU2386,CRS513,39,54,48,F
ENR8296,STU2309,CRS500,52,85,72,C+
ENR8297,STU2331,CRS502,36,46,42,F
ENR8298,STU2171,CRS517,25,22,23,F
ENR8299,STU2209,CRS500,100,67,80,B-
ENR8300,STU2126,CRS510,39,40,40,F
ENR8301,STU2157,CRS524,61,71,67,C
ENR8302,STU2365,CRS504,82,26,48,F
ENR8303,STU2087,CRS510,60,70,66,C
ENR8304,STU2368,CRS505,91,64,75,B-
ENR8305,STU2053,CRS523,26,65,49,F
ENR8306,STU2047,CRS506,90,52,67,C
ENR8307,STU2290,CRS512,48,55,52,D
ENR8308,STU2323,CRS522,86,36,56,D
ENR8309,STU2025,CRS515,35,25,29,F
ENR8310,STU2327,CRS524,96,40,62,C
ENR8311,STU2087,CRS502,69,57,62,C
ENR8312,STU2106,CRS525,63,53,57,D
ENR8313,STU2236,CRS514,96,68,79,B-
ENR8314,STU2311,CRS507,50,80,68,C+
ENR8315,STU2203,CRS521,86,77,81,B
ENR8316,STU2068,CRS523,22,95,66,C
ENR8317,STU2079,CRS519,85,31,53,D
ENR8318,STU2351,CRS515,96,37,61,C
ENR8319,STU2156,CRS516,94,81,86,B+
ENR8320,STU2125,CRS526,26,25,25,F
ENR8321,STU2360,CRS512,46,96,76,B-
ENR8322,STU2314,CRS502,26,67,51,D
ENR8323,STU2024,CRS525,27,30,29,F
ENR8324,STU2026,CRS502,61,52,56,D
ENR8325,STU2354,CRS512,45,40,42,F
ENR8326,STU2021,CRS516,80,43,58,D
ENR8327,STU2227,CRS529,39,74,60,D
ENR8328,STU2302,CRS528,98,68,80,B-
ENR8329,STU2203,CRS513,98,28,56,D
ENR8330,STU2377,CRS529,70,57,62,C
ENR8331,STU2310,CRS504,93,24,52,D
ENR8332,STU2264,CRS528,21,60,44,F
ENR8333,STU2053,CRS511,49,53,51,D
ENR8334,STU2369,CRS515,36,93,70,C+
ENR8335,STU2319,CRS505,86,82,84,B
ENR8336,STU2373,CRS508,91,36,58,D
ENR8337,STU2364,CRS515,62,72,68,C+
ENR8338,STU2098,CRS523,68,55,60,D
ENR8339,STU2082,CRS503,23,55,42,F
ENR8340,STU2219,CRS505,48,32,38,F
ENR8341,STU2007,CRS518,91,39,60,D
ENR8342,STU2362,CRS500,53,70,63,C
ENR8343,STU2111,CRS524,28,35,32,F
ENR8344,STU2252,CRS507,77,25,46,F
ENR8345,STU2223,CRS505,100,94,96,A
ENR8346,STU2212,CRS502,93,29,55,D
ENR8347,STU2137,CRS526,43,50,47,F
ENR8348,STU2361,CRS520,75,37,52,D
ENR8349,STU2143,CRS513,100,60,76,B-
ENR8350,STU2010,CRS529,80,66,72,C+
ENR8351,STU2018,CRS524,92,43,63,C
ENR8352,STU2051,CRS522,98,99,99,A
ENR8353,STU2204,CRS501,82,59,68,C+
ENR8354,STU2142,CRS515,61,64,63,C
ENR8355,STU2041,CRS521,36,93,70,C+
ENR8356,STU2355,CRS512,90,20,48,F
ENR8357,STU2095,CRS524,85,46,62,C
ENR8358,STU2338,CRS515,67,41,51,D
ENR8359,STU2334,CRS510,89,47,64,C
ENR8360,STU2165,CRS510,52,67,61,C
ENR8361,STU2383,CRS515,57,54,55,D
ENR8362,STU2085,CRS509,20,22,21,F
ENR8363,STU2304,CRS516,74,57,64,C
ENR8364,STU2332,CRS511,74,63,67,C
ENR8365,STU2083,CRS504,29,24,26,F
ENR8366,STU2304,CRS524,74,93,85,B
ENR8367,STU2334,CRS511,43,26,33,F
ENR8368,STU2198,CRS502,91,61,73,C+
ENR8369,STU2149,CRS518,47,76,64,C
ENR8370,STU2049,CRS527,70,48,57,D
ENR8371,STU2339,CRS527,65,100,86,B+
ENR8372,STU2123,CRS509,91,82,86,B+
ENR8373,STU2018,CRS515,48,55,52,D
ENR8374,STU2346,CRS524,38,59,51,D
ENR8375,STU2071,CRS518,98,40,63,C
ENR8376,STU2145,CRS528,24,72,53,D
ENR8377,STU2265,CRS510,68,35,48,F
ENR8378,STU2049,CRS524,74,65,69,C+
ENR8379,STU2048,CRS515,65,28,43,F
ENR8380,STU2098,CRS527,34,22,27,F
ENR8381,STU2398,CRS509,91,42,62,C
ENR8382,STU2375,CRS514,58,32,42,F
ENR8383,STU2022,CRS502,41,57,51,D
ENR8384,STU2075,CRS523,81,53,64,C
ENR8385,STU2112,CRS509,88,45,62,C
ENR8386,STU2282,CRS511,93,51,68,C+
ENR8387,STU2005,CRS529,50,39,43,F
ENR8388,STU2279,CRS508,56,65,61,C
ENR8389,STU2085,CRS518,42,74,61,C
ENR8390,STU2392,CRS500,23,28,26,F
ENR8391,STU2322,CRS512,62,70,67,C
ENR8392,STU2069,CRS524,57,76,68,C+
ENR8393,STU2333,CRS506,34,99,73,C+
ENR8394,STU2297,CRS521,30,64,50,F
ENR8395,STU2315,CRS527,44,57,52,D
ENR8396,STU2338,CRS519,45,87,70,C+
ENR8397,STU2175,CRS520,58,31,42,F
ENR8398,STU2230,CRS506,75,29,47,F
ENR8399,STU2086,CRS524,70,99,87,B+
ENR8400,STU2388,CRS505,52,84,71,C+
ENR8401,STU2107,CRS511,39,31,34,F
ENR8402,STU2206,CRS503,71,71,71,C+
ENR8403,STU2221,CRS527,53,70,63,C
ENR8404,STU2224,CRS519,64,83,75,B-
ENR8405,STU2181,CRS509,95,76,84,B
ENR8406,STU2146,CRS518,23,38,32,F
ENR8407,STU2200,CRS501,32,49,42,F
ENR8408,STU2070,CRS503,78,43,57,D
ENR8409,STU2023,CRS514,86,45,61,C
ENR8410,STU2360,CRS505,72,55,62,C
ENR8411,STU2335,CRS500,36,75,59,D
ENR8412,STU2137,CRS517,90,99,95,A-
ENR8413,STU2148,CRS507,64,77,72,C+
ENR8414,STU2398,CRS512,66,51,57,D
ENR8415,STU2063,CRS518,97,21,51,D
ENR8416,STU2140,CRS515,45,92,73,C+
ENR8417,STU2241,CRS500,50,68,61,C
ENR8418,STU2246,CRS501,50,65,59,D
ENR8419,STU2070,CRS518,99,74,84,B
ENR8420,STU2391,CRS513,79,31,50,F
ENR8421,STU2247,CRS514,20,96,66,C
ENR8422,STU2104,CRS501,65,82,75,B-
ENR8423,STU2051,CRS512,53,54,54,D
ENR8424,STU2257,CRS519,73,93,85,B
ENR8425,STU2118,CRS528,78,41,56,D
ENR8426,STU2373,CRS519,60,29,41,F
ENR8427,STU2003,CRS510,70,69,69,C+
ENR8428,STU2051,CRS509,24,54,42,F
ENR8429,STU2366,CRS501,29,35,33,F
ENR8430,STU2006,CRS528,57,55,56,D
ENR8431,STU2000,CRS516,54,80,70,C+
ENR8432,STU2338,CRS502,85,94,90,B+
ENR8433,STU2185,CRS529,38,36,37,F
ENR8434,STU2189,CRS503,57,20,35,F
ENR8435,STU2349,CRS526,72,31,47,F
ENR8436,STU2113,CRS521,69,22,41,F
ENR8437,STU2193,CRS504,97,92,94,A-
ENR8438,STU2054,CRS529,53,38,44,F
ENR8439,STU2116,CRS501,23,94,66,C
ENR8440,STU2268,CRS503,80,41,57,D
ENR8441,STU2283,CRS511,89,20,48,F
ENR8442,STU2269,CRS505,28,72,54,D
ENR8443,STU2386,CRS527,71,63,66,C
ENR8444,STU2271,CRS519,50,29,37,F
ENR8445,STU2344,CRS526,87,94,91,A-
ENR8446,STU2366,CRS526,52,27,37,F
ENR8447,STU2376,CRS529,78,36,53,D
ENR8448,STU2386,CRS514,54,89,75,B-
ENR8449,STU2097,CRS506,32,26,28,F
ENR8450,STU2386,CRS528,98,82,88,B+
ENR8451,STU2168,CRS505,80,56,66,C
ENR8452,STU2156,CRS521,67,87,79,B-
ENR8453,STU2274,CRS525,57,83,73,C+
ENR8454,STU2147,CRS529,84,26,49,F
ENR8455,STU2276,CRS513,73,35,50,F
ENR8456,STU2147,CRS517,50,33,40,F
ENR8457,STU2347,CRS526,68,55,60,D
ENR8458,STU2302,CRS528,100,92,95,A-
ENR8459,STU2090,CRS506,41,30,34,F
ENR8460,STU2043,CRS524,48,20,31,F
ENR8461,STU2237,CRS505,84,28,50,F
ENR8462,STU2113,CRS523,67,44,53,D
ENR8463,STU2088,CRS505,85,34,54,D
ENR8464,STU2001,CRS505,44,77,64,C
ENR8465,STU2170,CRS519,40,43,42,F
ENR8466,STU2087,CRS521,45,91,73,C+
ENR8467,STU2224,CRS509,20,90,62,C
ENR8468,STU2146,CRS503,51,65,59,D
ENR8469,STU2089,CRS509,92,37,59,D
ENR8470,STU2168,CRS521,65,86,78,B-
ENR8471,STU2322,CRS500,24,82,59,D
ENR8472,STU2090,CRS522,59,43,49,F
ENR8473,STU2013,CRS513,36,50,44,F
ENR8474,STU2147,CRS517,72,57,63,C
ENR8475,STU2290,CRS521,48,62,56,D
ENR8476,STU2383,CRS508,95,27,54,D
ENR8477,STU2387,CRS509,27,91,65,C
ENR8478,STU2056,CRS518,62,24,39,F
ENR8479,STU2001,CRS503,34,99,73,C+
ENR8480,STU2065,CRS520,53,46,49,F
ENR8481,STU2344,CRS523,54,82,71,C+
ENR8482,STU2366,CRS512,52,84,71,C+
ENR8483,STU2086,CRS509,40,82,65,C
ENR8484,STU2244,CRS512,38,24,30,F
ENR8485,STU2236,CRS521,20,86,60,D
ENR8486,STU2088,CRS511,70,71,71,C+
ENR8487,STU2346,CRS523,52,100,81,B
ENR8488,STU2051,CRS502,45,23,32,F
ENR8489,STU2202,CRS518,61,96,82,B
ENR8490,STU2208,CRS508,73,70,71,C+
ENR8491,STU2373,CRS512,64,62,63,C
ENR8492,STU2142,CRS521,46,74,63,C
ENR8493,STU2114,CRS507,70,60,64,C
ENR8494,STU2286,CRS503,47,50,49,F
ENR8495,STU2061,CRS520,27,54,43,F
ENR8496,STU2033,CRS527,50,99,79,B-
ENR8497,STU2291,CRS508,24,76,55,D
ENR8498,STU2120,CRS506,30,43,38,F
ENR8499,STU2103,CRS529,91,72,80,B-
ENR8500,STU2043,CRS520,45,49,47,F
ENR8501,STU2190,CRS522,79,100,92,A-
ENR8502,STU2332,CRS510,65,96,84,B
ENR8503,STU2246,CRS524,31,26,28,F
ENR8504,STU2017,CRS529,32,28,30,F
ENR8505,STU2300,CRS514,93,40,61,C
ENR8506,STU2107,CRS512,27,49,40,F
ENR8507,STU2025,CRS502,61,41,49,F
ENR8508,STU2367,CRS502,84,66,73,C+
ENR8509,STU2205,CRS519,28,81,60,D
ENR8510,STU2356,CRS510,23,50,39,F
ENR8511,STU2330,CRS525,74,23,43,F
ENR8512,STU2095,CRS522,90,29,53,D
ENR8513,STU2279,CRS520,74,49,59,D
ENR8514,STU2372,CRS504,76,26,46,F
ENR8515,STU2222,CRS519,76,34,51,D
ENR8516,STU2231,CRS523,58,38,46,F
ENR8517,STU2360,CRS518,47,93,75,B-
ENR8518,STU2199,CRS511,45,58,53,D
ENR8519,STU2038,CRS517,92,22,50,F
ENR8520,STU2199,CRS503,89,71,78,B-
ENR8521,STU2366,CRS528,41,32,36,F
ENR8522,STU2158,CRS507,92,63,75,B-
ENR8523,STU2338,CRS513,64,100,86,B+
ENR8524,STU2166,CRS529,34,36,35,F
ENR8525,STU2223,CRS515,84,94,90,B+
ENR8526,STU2276,CRS519,37,36,36,F
ENR8527,STU2278,CRS507,30,71,55,D
ENR8528,STU2053,CRS504,23,68,50,F
ENR8529,STU2163,CRS508,53,90,75,B-
ENR8530,STU2142,CRS501,67,38,50,F
ENR8531,STU2385,CRS507,67,53,59,D
ENR8532,STU2075,CRS506,95,49,67,C
ENR8533,STU2229,CRS517,59,48,52,D
ENR8534,STU2325,CRS520,78,67,71,C+
ENR8535,STU2064,CRS521,67,27,43,F
ENR8536,STU2229,CRS508,60,87,76,B-
ENR8537,STU2305,CRS510,41,71,59,D
ENR8538,STU2116,CRS511,83,94,90,B+
ENR8539,STU2239,CRS507,95,77,84,B
ENR8540,STU2342,CRS522,68,80,75,B-
ENR8541,STU2256,CRS526,74,59,65,C
ENR8542,STU2020,CRS516,34,36,35,F
ENR8543,STU2056,CRS525,23,100,69,C+
ENR8544,STU2146,CRS518,27,34,31,F
ENR8545,STU2028,CRS500,79,30,50,F
ENR8546,STU2217,CRS525,22,89,62,C
ENR8547,STU2033,CRS521,26,67,51,D
ENR8548,STU2336,CRS502,98,32,58,D
ENR8549,STU2053,CRS513,36,45,41,F
ENR8550,STU2031,CRS517,29,27,28,F
ENR8551,STU2387,CRS528,99,45,67,C
ENR8552,STU2029,CRS525,45,33,38,F
ENR8553,STU2350,CRS501,41,60,52,D
ENR8554,STU2324,CRS507,34,25,29,F
ENR8555,STU2028,CRS516,77,35,52,D
ENR8556,STU2395,CRS508,79,53,63,C
ENR8557,STU2270,CRS511,95,59,73,C+
ENR8558,STU2078,CRS506,58,31,42,F
ENR8559,STU2308,CRS500,22,20,21,F
ENR8560,STU2234,CRS520,79,48,60,D
ENR8561,STU2397,CRS520,72,100,89,B+
ENR8562,STU2358,CRS513,43,68,58,D
ENR8563,STU2145,CRS501,74,35,51,D
ENR8564,STU2165,CRS516,21,28,25,F
ENR8565,STU2085,CRS506,87,78,82,B
ENR8566,STU2165,CRS514,42,58,52,D
ENR8567,STU2054,CRS527,78,57,65,C
ENR8568,STU2394,CRS508,76,25,45,F
ENR8569,STU2322,CRS507,91,100,96,A
ENR8570,STU2252,CRS506,61,93,80,B-
ENR8571,STU2052,CRS503,31,78,59,D
ENR8572,STU2141,CRS509,92,22,50,F
ENR8573,STU2046,CRS506,94,38,60,D
ENR8574,STU2094,CRS514,20,46,36,F
ENR8575,STU2344,CRS529,73,44,56,D
ENR8576,STU2210,CRS529,62,85,76,B-
ENR8577,STU2139,CRS512,81,42,58,D
ENR8578,STU2262,CRS507,34,82,63,C
ENR8579,STU2141,CRS508,26,77,57,D
ENR8580,STU2141,CRS508,47,69,60,D
ENR8581,STU2178,CRS504,25,27,26,F
ENR8582,STU2242,CRS520,39,70,58,D
ENR8583,STU2141,CRS505,61,61,61,C
ENR8584,STU2342,CRS529,57,82,72,C+
ENR8585,STU2391,CRS515,81,50,62,C
ENR8586,STU2332,CRS515,95,78,85,B
ENR8587,STU2099,CRS523,22,70,51,D
ENR8588,STU2107,CRS513,47,76,64,C
ENR8589,STU2320,CRS518,31,24,27,F
ENR8590,STU2292,CRS518,99,94,96,A
ENR8591,STU2195,CRS515,63,71,68,C+
ENR8592,STU2271,CRS526,34,84,64,C
ENR8593,STU2242,CRS504,74,31,48,F
ENR8594,STU2223,CRS526,67,42,52,D
ENR8595,STU2111,CRS500,25,71,53,D
ENR8596,STU2287,CRS504,83,82,82,B
ENR8597,STU2340,CRS508,100,95,97,A
ENR8598,STU2157,CRS520,54,22,35,F
ENR8599,STU2147,CRS506,30,43,38,F
ENR8600,STU2185,CRS509,42,98,76,B-
ENR8601,STU2028,CRS524,76,61,67,C
ENR8602,STU2384,CRS523,100,40,64,C
ENR8603,STU2234,CRS514,89,44,62,C
ENR8604,STU2026,CRS520,56,31,41,F
ENR8605,STU2250,CRS511,82,67,-5,C+
ENR8606,STU2020,CRS512,99,93,95,A-
ENR8607,STU2091,CRS517,48,89,73,C+
ENR8608,STU2171,CRS520,61,76,70,C+
ENR8609,STU2113,CRS509,47,48,48,F
ENR8610,STU2097,CRS523,35,48,43,F
ENR8611,STU2254,CRS526,86,65,73,C+
ENR8612,STU2021,CRS500,37,28,32,F
ENR8613,STU2041,CRS525,67,51,-5,D
ENR8614,STU2120,CRS503,36,32,34,F
ENR8615,STU2210,CRS516,93,72,80,B-
ENR8616,STU2189,CRS520,44,94,74,C+
ENR8617,STU2303,CRS512,67,73,71,C+
ENR8618,STU2135,CRS501,69,48,56,D
ENR8619,STU2385,CRS514,38,70,57,D
ENR8620,STU2388,CRS511,93,95,94,A-
ENR8621,STU2283,CRS501,94,68,78,B-
ENR8622,STU2387,CRS506,60,60,60,D
ENR8623,STU2052,CRS503,24,31,28,F
ENR8624,STU2355,CRS513,25,54,42,F
ENR8625,STU2128,CRS517,22,23,23,F
ENR8626,STU2078,CRS510,64,64,64,C
ENR8627,STU2222,CRS502,94,68,78,B-
ENR8628,STU2208,CRS502,80,93,88,B+
ENR8629,STU2389,CRS517,67,37,49,F
ENR8630,STU2343,CRS522,43,65,56,D
ENR8631,STU2307,CRS500,67,77,73,C+
ENR8632,STU2332,CRS512,45,34,38,F
ENR8633,STU2212,CRS524,68,77,73,C+
ENR8634,STU2023,CRS504,74,42,55,D
ENR8635,STU2189,CRS503,23,42,34,F
ENR8636,STU2183,CRS502,68,45,54,D
ENR8637,STU2213,CRS518,93,53,69,C+
ENR8638,STU2092,CRS512,63,60,61,C
ENR8639,STU2107,CRS515,48,96,77,B-
ENR8640,STU2203,CRS518,45,76,64,C
ENR8641,STU2275,CRS500,80,44,58,D
ENR8642,STU2033,CRS517,59,73,67,C
ENR8643,STU2270,CRS526,38,63,53,D
ENR8644,STU2306,CRS529,33,32,32,F
ENR8645,STU2244,CRS506,54,73,65,C
ENR8646,STU2126,CRS502,38,46,43,F
ENR8647,STU2259,CRS521,98,27,55,D
ENR8648,STU2308,CRS519,22,62,46,F
ENR8649,STU2141,CRS509,69,89,81,B
ENR8650,STU2192,CRS520,31,96,70,C+
ENR8651,STU2379,CRS507,73,74,74,C+
ENR8652,STU2049,CRS501,84,83,83,B
ENR8653,STU2238,CRS509,29,24,26,F
ENR8654,STU2234,CRS520,46,78,65,C
ENR8655,STU2318,CRS517,95,46,66,C
ENR8656,STU2049,CRS511,87,38,58,D
ENR8657,STU2092,CRS513,40,84,66,C
ENR8658,STU2247,CRS524,39,87,68,C+
ENR8659,STU2329,CRS501,36,85,65,C
ENR8660,STU2341,CRS516,65,45,53,D
ENR8661,STU2241,CRS519,53,52,52,D
ENR8662,STU2096,CRS511,97,57,73,C+
ENR8663,STU2099,CRS506,29,26,27,F
ENR8664,STU2353,CRS514,39,24,30,F
ENR8665,STU2226,CRS501,83,28,50,F
ENR8666,STU2154,CRS526,81,32,52,D
ENR8667,STU2029,CRS525,98,59,75,B-
ENR8668,STU2159,CRS524,58,67,63,C
ENR8669,STU2210,CRS511,81,65,71,C+
ENR8670,STU2277,CRS516,98,83,89,B+
ENR8671,STU2212,CRS500,31,83,62,C
ENR8672,STU2068,CRS507,43,48,46,F
ENR8673,STU2148,CRS504,72,37,51,D
ENR8674,STU2255,CRS527,52,49,50,F
ENR8675,STU2055,CRS527,88,93,91,A-
ENR8676,STU2339,CRS524,92,38,60,D
ENR8677,STU2229,CRS507,97,67,79,B-
ENR8678,STU2158,CRS521,65,28,43,F
ENR8679,STU2356,CRS519,26,20,22,F
ENR8680,STU2094,CRS513,62,97,83,B
ENR8681,STU2238,CRS505,26,58,45,F
ENR8682,STU2170,CRS517,80,74,76,B-
ENR8683,STU2215,CRS504,51,71,63,C
ENR8684,STU2245,CRS509,78,90,85,B
ENR8685,STU2145,CRS514,98,83,89,B+
ENR8686,STU2284,CRS502,49,43,45,F
ENR8687,STU2123,CRS502,23,46,37,F
ENR8688,STU2188,CRS529,53,85,72,C+
ENR8689,STU2306,CRS516,28,85,62,C
ENR8690,STU2331,CRS513,79,81,80,B-
ENR8691,STU2267,CRS526,95,35,59,D
ENR8692,STU2092,CRS523,43,31,36,F
ENR8693,STU2188,CRS509,74,59,65,C
ENR8694,STU2070,CRS518,48,29,37,F
ENR8695,STU2143,CRS515,73,83,79,B-
ENR8696,STU2127,CRS516,70,74,72,C+
ENR8697,STU2011,CRS519,41,98,75,B-
ENR8698,STU2317,CRS512,39,23,29,F
ENR8699,STU2212,CRS500,56,42,48,F
ENR8700,STU2361,CRS500,70,68,69,C+
ENR8701,STU2059,CRS516,92,23,51,D
ENR8702,STU2336,CRS517,69,20,40,F
ENR8703,STU2283,CRS527,99,84,90,B+
ENR8704,STU2319,CRS516,85,58,69,C+
ENR8705,STU2094,CRS511,81,22,46,F
ENR8706,STU2071,CRS505,63,76,71,C+
ENR8707,STU2109,CRS506,42,78,64,C
ENR8708,STU2281,CRS516,30,98,71,C+
ENR8709,STU2365,CRS525,73,37,51,D
ENR8710,STU2111,CRS515,74,40,54,D
ENR8711,STU2158,CRS500,80,75,77,B-
ENR8712,STU2210,CRS529,71,71,71,C+
ENR8713,STU2381,CRS510,41,27,33,F
ENR8714,STU2250,CRS509,22,44,35,F
ENR8715,STU2326,CRS524,95,51,69,C+
ENR8716,STU2112,CRS524,84,89,87,B+
ENR8717,STU2004,CRS500,77,59,66,C
ENR8718,STU2140,CRS510,62,48,54,D
ENR8719,STU2337,CRS523,80,88,85,B
ENR8720,STU2242,CRS502,72,54,61,C
ENR8721,STU2118,CRS522,52,95,78,B-
ENR8722,STU2305,CRS515,44,52,49,F
ENR8723,STU2127,CRS500,69,65,67,C
ENR8724,STU2083,CRS506,66,91,81,B
ENR8725,STU2243,CRS510,77,50,61,C
ENR8726,STU2112,CRS516,85,94,90,B+
ENR8727,STU2163,CRS518,98,87,91,A-
ENR8728,STU2368,CRS527,32,59,48,F
ENR8729,STU2114,CRS513,61,88,77,B-
ENR8730,STU2103,CRS522,34,61,50,F
ENR8731,STU2179,CRS515,25,63,48,F
ENR8732,STU2288,CRS516,61,36,46,F
ENR8733,STU2231,CRS513,54,39,45,F
ENR8734,STU2324,CRS508,25,95,67,C
ENR8735,STU2351,CRS520,97,72,82,B
ENR8736,STU2157,CRS512,37,63,53,D
ENR8737,STU2095,CRS501,62,36,46,F
ENR8738,STU2230,CRS519,39,46,43,F
ENR8739,STU2323,CRS507,98,42,64,C
ENR8740,STU2277,CRS503,72,77,75,B-
ENR8741,STU2314,CRS525,67,88,80,B-
ENR8742,STU2263,CRS504,46,75,63,C
ENR8743,STU2036,CRS514,95,64,76,B-
ENR8744,STU2098,CRS501,20,48,37,F
ENR8745,STU2228,CRS520,33,33,33,F
ENR8746,STU2311,CRS522,51,27,37,F
ENR8747,STU2188,CRS508,86,65,73,C+
ENR8748,STU2085,CRS507,29,46,39,F
ENR8749,STU2064,CRS529,45,89,71,C+
ENR8750,STU2102,CRS525,93,26,53,D
ENR8751,STU2111,CRS510,84,45,61,C
ENR8752,STU2352,CRS521,69,61,64,C
ENR8753,STU2067,CRS512,68,49,57,D
ENR8754,STU2136,CRS524,51,100,80,B-
ENR8755,STU2135,CRS506,84,25,49,F
ENR8756,STU2313,CRS518,45,86,70,C+
ENR8757,STU2213,CRS526,88,73,79,B-
ENR8758,STU2361,CRS514,45,54,50,F
ENR8759,STU2240,CRS511,84,54,66,C
ENR8760,STU2309,CRS512,31,24,27,F
ENR8761,STU2084,CRS500,55,25,37,F
ENR8762,STU2047,CRS520,43,42,42,F
ENR8763,STU2360,CRS524,61,78,71,C+
ENR8764,STU2155,CRS507,74,70,72,C+
ENR8765,STU2100,CRS514,74,81,78,B-
ENR8766,STU2365,CRS521,27,51,41,F
ENR8767,STU2080,CRS528,95,20,50,F
ENR8768,STU2127,CRS513,80,68,73,C+
ENR8769,STU2158,CRS507,46,47,47,F
ENR8770,STU2236,CRS523,95,90,92,A-
ENR8771,STU2396,CRS502,82,56,66,C
ENR8772,STU2058,CRS511,51,48,49,F
ENR8773,STU2236,CRS514,79,38,54,D
ENR8774,STU2337,CRS521,54,38,44,F
ENR8775,STU2288,CRS515,35,70,56,D
ENR8776,STU2373,CRS506,55,34,42,F
ENR8777,STU2308,CRS517,75,43,56,D
ENR8778,STU2094,CRS512,49,80,68,C+
ENR8779,STU2121,CRS526,51,72,64,C
ENR8780,STU2346,CRS522,98,91,94,A-
ENR8781,STU2120,CRS525,40,78,63,C
ENR8782,STU2035,CRS505,75,26,46,F
ENR8783,STU2212,CRS501,59,95,81,B
ENR8784,STU2225,CRS501,73,87,81,B
ENR8785,STU2378,CRS521,49,53,51,D
ENR8786,STU2289,CRS518,39,26,31,F
ENR8787,STU2376,CRS505,93,73,81,B
ENR8788,STU2060,CRS524,20,86,60,D
ENR8789,STU2187,CRS509,93,31,56,D
ENR8790,STU2239,CRS527,37,77,61,C
ENR8791,STU2002,CRS516,76,71,73,C+
ENR8792,STU2005,CRS518,78,100,91,A-
ENR8793,STU2259,CRS515,32,75,58,D
ENR8794,STU2100,CRS517,51,22,34,F
ENR8795,STU2308,CRS526,89,32,55,D
ENR8796,STU2358,CRS518,52,82,70,C+
ENR8797,STU2326,CRS501,84,24,48,F
ENR8798,STU2165,CRS502,22,44,35,F
ENR8799,STU2163,CRS514,24,91,64,C
ENR8800,STU2289,CRS514,31,71,55,D
ENR8801,STU2005,CRS511,52,99,80,B-
ENR8802,STU2383,CRS519,46,24,33,F
ENR8803,STU2026,CRS512,32,78,60,D
ENR8804,STU2038,CRS522,94,44,64,C
ENR8805,STU2306,CRS501,94,99,97,A
ENR8806,STU2274,CRS517,55,33,42,F
ENR8807,STU2095,CRS514,77,96,88,B+
ENR8808,STU2343,CRS517,83,71,76,B-
ENR8809,STU2161,CRS512,69,44,54,D
ENR8810,STU2088,CRS505,70,91,83,B
ENR8811,STU2246,CRS507,23,75,54,D
ENR8812,STU2023,CRS515,63,56,59,D
ENR8813,STU2152,CRS519,37,89,68,C+
ENR8814,STU2331,CRS527,37,25,30,F
ENR8815,STU2349,CRS525,25,44,36,F
ENR8816,STU2242,CRS502,78,39,55,D
ENR8817,STU2197,CRS524,82,42,58,D
ENR8818,STU2029,CRS516,62,76,70,C+
ENR8819,STU2206,CRS525,88,72,78,B-
ENR8820,STU2220,CRS517,94,78,84,B
ENR8821,STU2053,CRS511,88,100,95,A-
ENR8822,STU2370,CRS506,28,80,59,D
ENR8823,STU2077,CRS511,42,74,61,C
ENR8824,STU2119,CRS502,30,99,71,C+
ENR8825,STU2280,CRS511,80,39,55,D
ENR8826,STU2236,CRS524,98,22,52,D
ENR8827,STU2380,CRS514,36,84,65,C
ENR8828,STU2260,CRS516,69,56,61,C
ENR8829,STU2001,CRS511,72,54,61,C
ENR8830,STU2366,CRS508,33,35,34,F
ENR8831,STU2079,CRS521,58,23,37,F
ENR8832,STU2358,CRS500,74,22,43,F
ENR8833,STU2190,CRS524,28,36,33,F
ENR8834,STU2123,CRS515,82,63,71,C+
ENR8835,STU2181,CRS524,46,82,68,C+
ENR8836,STU2123,CRS528,54,61,58,D
ENR8837,STU2016,CRS525,99,36,61,C
ENR8838,STU2030,CRS514,79,43,57,D
ENR8839,STU2384,CRS510,49,56,53,D
ENR8840,STU2133,CRS504,58,21,36,F
ENR8841,STU2222,CRS506,71,33,48,F
ENR8842,STU2069,CRS502,77,29,48,F
ENR8843,STU2291,CRS512,84,34,54,D
ENR8844,STU2391,CRS523,95,56,72,C+
ENR8845,STU2092,CRS512,100,77,86,B+
ENR8846,STU2072,CRS518,48,65,58,D
ENR8847,STU2137,CRS509,77,72,74,C+
ENR8848,STU2023,CRS506,61,75,69,C+
ENR8849,STU2167,CRS519,47,32,38,F
ENR8850,STU2257,CRS520,29,54,44,F
ENR8851,STU2275,CRS522,30,55,45,F
ENR8852,STU2288,CRS514,93,93,93,A-
ENR8853,STU2013,CRS517,79,53,63,C
ENR8854,STU2054,CRS519,49,43,45,F
ENR8855,STU2292,CRS506,68,72,70,C+
ENR8856,STU2215,CRS502,90,46,64,C
ENR8857,STU2360,CRS528,88,92,90,B+
ENR8858,STU2083,CRS519,79,92,87,B+
ENR8859,STU2368,CRS509,47,93,75,B-
ENR8860,STU2389,CRS514,39,31,34,F
ENR8861,STU2160,CRS511,78,34,52,D
ENR8862,STU2383,CRS515,31,22,26,F
ENR8863,STU2305,CRS523,24,47,38,F
ENR8864,STU2227,CRS518,49,28,36,F
ENR8865,STU2083,CRS511,52,58,56,D
ENR8866,STU2197,CRS524,29,49,41,F
ENR8867,STU2199,CRS520,58,76,69,C+
ENR8868,STU2334,CRS501,95,42,63,C
ENR8869,STU2341,CRS529,85,49,63,C
ENR8870,STU2178,CRS507,79,83,81,B
ENR8871,STU2188,CRS525,60,35,45,F
ENR8872,STU2155,CRS523,88,55,68,C+
ENR8873,STU2227,CRS512,56,49,52,D
ENR8874,STU2355,CRS528,97,65,78,B-
ENR8875,STU2171,CRS500,27,99,70,C+
ENR8876,STU2395,CRS524,76,39,54,D
ENR8877,STU2210,CRS501,86,97,93,A-
ENR8878,STU2056,CRS513,47,75,64,C
ENR8879,STU2153,CRS503,33,56,47,F
ENR8880,STU2024,CRS505,30,100,72,C+
ENR8881,STU2270,CRS512,48,81,68,C+
ENR8882,STU2201,CRS508,73,84,80,B-
ENR8883,STU2358,CRS515,95,48,67,C
ENR8884,STU2097,CRS500,28,62,48,F
ENR8885,STU2076,CRS508,55,93,78,B-
ENR8886,STU2359,CRS523,38,55,48,F
ENR8887,STU2320,CRS527,26,36,32,F
ENR8888,STU2368,CRS506,36,73,58,D
ENR8889,STU2378,CRS517,67,36,48,F
ENR8890,STU2110,CRS529,70,51,59,D
ENR8891,STU2122,CRS515,95,35,59,D
ENR8892,STU2053,CRS506,90,70,78,B-
ENR8893,STU2205,CRS517,97,78,86,B+
ENR8894,STU2166,CRS508,77,42,56,D
ENR8895,STU2275,CRS527,94,35,59,D
ENR8896,STU2088,CRS519,94,51,68,C+
ENR8897,STU2010,CRS501,26,85,61,C
ENR8898,STU2382,CRS504,81,89,86,B+
ENR8899,STU2051,CRS508,86,93,90,B+
